persona_id,id,user_id,card_id,approval_money,cancel_date,approval_timestamp,payment_type,store_name,store_business,store_code,store_business_code,pay_schedule_date,month_due,status,approval_no,approvalDate,company,currency_code,bt_id,business_type_1,business_type_2,del_yn,exchange_to_krw
3,1434301,27294,36635,7300,,2020-09-01 11:30,1,맘스터치신고흥점,패스트푸드점,152531852,2294500413,,0,N,52735794,20200901,nonghyupcard,NULL,1,식비,외식,N,NULL
3,1619915,33452,40197,7000,,2020-09-02 11:30,1,종인이네만두,일반한식,860405894,1180677632,,0,N,369949,20200902,hyundaicard,NULL,1,식비,외식,N,NULL
3,1576375,31907,39120,13900,,2020-09-03 11:30,1,샤브맘,일반음식점,953451838,1071656994,,0,N,22166221,20200903,hanacard,NULL,1,식비,외식,N,NULL
3,1380952,24591,35762,13000,,2020-09-04 11:30,1,종로돈부리,기타일반음식,9056195506,1081266293,,0,N,59580208,20200904,lottecard,NULL,1,식비,외식,N,NULL
3,1671302,34955,41071,27500,,2020-09-05 11:30,1,스쿨푸드군포딜리버리점,한식,113345862,5108701297,20200315,0,N,15124210,20200905,shinhancard,NULL,1,식비,외식,N,NULL
3,1714362,36451,41867,8000,,2020-09-06 11:30,1,장원해장국,일반한식,712023086,6011451139,20200305,,N,72353567,20200906,bccard,NULL,1,식비,외식,Y,NULL
3,1351140,25341,35288,7500,,2020-09-07 11:30,1,용우동,일반음식점기타,64038610,1141528048,20200221,0,N,30022878,20200907,kbcard,NULL,1,식비,외식,N,NULL
3,1719494,36520,41938,5500,,2020-09-08 11:30,1,바르다김선생미금,스넥,,1440245989,20200315,0,N,72329684,20200908,wooricard,NULL,1,식비,외식,N,NULL
3,1968317,40643,45675,44500,,2020-09-09 11:30,1,밥드림,일반한식,702675857,1993900256,20200314,,N,72294291,20200909,bccard,NULL,1,식비,외식,N,NULL
3,1831424,39589,43864,14000,,2020-09-10 11:30,1,어니스트키친고깃간,일반음식점,966170656,1440154249,,0,N,27722226,20200910,hanacard,NULL,1,식비,외식,Y,NULL
3,1411666,26895,36282,7500,,2020-09-11 11:30,1,한남대학교신용협동조합,휴게음식점,132009915,3068207154,,0,N,52590151,20200911,nonghyupcard,NULL,1,식비,외식,N,NULL
3,1406593,20783,30036,18500,,2020-09-12 11:30,1,하루엔소쿠(강남역점),일반음식점,990745564,7991001108,,0,N,44703642,20200912,hanacard,NULL,1,식비,외식,N,NULL
3,1394190,26502,36005,5000,,2020-09-13 11:30,1,김밥천국,한식,52902913,1420386773,,0,N,14943142,20200913,shinhancard,NULL,1,식비,외식,Y,NULL
3,1807963,1427,43504,4000,,2020-09-14 11:30,1,떡볶이까페겁,휴게음식점,71883457,1420951126,20200314,0,N,30046885,20200914,kbcard,NULL,1,식비,외식,N,NULL
3,1409515,24046,33749,13000,,2020-09-15 11:30,1,코이누르,서양음식,771313361,1420543098,20200305,,N,72257295,20200915,bccard,NULL,1,식비,외식,N,NULL
3,1364298,19241,30137,3500,,2020-09-16 11:30,1,연희김밥,기타일반음식,9963135156,5541500549,,0,N,31067026,20200916,lottecard,NULL,1,식비,외식,N,NULL
3,1934697,40421,45282,20000,,2020-09-17 11:30,1,화원정,한식,35682822,1233032025,20200225,0,N,30048680,20200917,kbcard,NULL,1,식비,외식,N,NULL
3,1727091,36187,42067,18800,,2020-09-18 11:30,1,파파이스/주식회,일반양식스테이크,,7798701014,20200225,0,N,72246266,20200918,wooricard,NULL,1,식비,외식,N,NULL
3,1615648,33279,40131,20000,,2020-09-19 11:30,1,1번지닭갈비,일반한식,840380181,4185600232,,0,N,785459,20200919,hyundaicard,NULL,1,식비,외식,N,NULL
3,1572144,31938,39067,46700,,2020-09-20 11:30,1,올리앤양주고읍점,양식,107140949,6367400135,,0,N,14875431,20200920,shinhancard,NULL,1,식비,외식,N,NULL
3,1478832,28960,37475,2000,,2020-09-21 11:30,1,다담뜰한식뷔페달성점,일반한식,706440455,7092800474,20200301,,N,72187195,20200921,bccard,NULL,1,식비,외식,N,NULL
3,1314226,14185,32819,6500,,2020-09-22 11:30,1,원효로돈가스,서양음식,797097589,6791900171,20200312,,N,72601519,20200922,bccard,NULL,1,식비,외식,N,NULL
3,1834122,39606,43909,9000,,2020-09-23 11:30,1,토마토김밥,한식,107913527,7172300558,20200307,0,N,15227945,20200923,shinhancard,NULL,1,식비,외식,N,NULL
3,1912707,40238,45038,16000,,2020-09-24 11:30,1,사계절한방굴국밥,한식,144585618,5140886032,20200313,0,N,52409593,20200924,samsungcard,NULL,1,식비,외식,N,NULL
3,1542626,30697,38578,8000,,2020-09-25 11:30,1,참이맛감자탕마곡나루역점,일반한식,,15102*****,,0,N,72518578,20200925,citicard,NULL,1,식비,외식,N,NULL
3,1659235,19931,40898,12000,,2020-09-26 11:30,1,(주)와세다야스,일반한식,,1078775763,20200225,0,N,72491489,20200926,wooricard,NULL,1,식비,외식,N,NULL
3,1435082,9825,36647,3200,,2020-09-27 11:30,1,이디야커피가천대점,커피전문점,962174009,1293802471,,0,N,22064898,20200927,hanacard,NULL,2,식비,카페/간식,N,NULL
3,1474052,22330,31997,8000,,2020-09-28 11:30,1,Coffeesquare(커,음료,135098444,1132097982,20200221,0,N,59612781,20200928,samsungcard,NULL,2,식비,카페/간식,N,NULL
3,1658337,34527,40886,12100,,2020-09-29 11:30,1,(주)스타벅스커피코리아,브랜드커피전문점,38021493,2018121515,20200218,0,N,459177,20200929,samsungcard,NULL,2,식비,카페/간식,N,NULL
3,1459396,28392,37124,4600,,2020-09-30 11:30,1,주)스타벅스커피코리아,커피전문점,26117143,2018121515,,0,N,15427083,20200930,shinhancard,NULL,2,식비,카페/간식,N,NULL
3,1465991,28594,37234,7500,,2020-09-01 13:39,1,이너피스커피,커피/음료전문점,89090907,4191900619,20200301,0,N,30011256,20200901,kbcard,NULL,2,식비,카페/간식,N,NULL
3,1314225,14185,32819,2200,,2020-09-02 13:39,1,뚜레쥬르용산리첸시아(2),제과점,785359512,1061257366,20200312,,N,39255054,20200902,bccard,NULL,2,식비,카페/간식,N,NULL
3,1338752,25071,35015,2000,,2020-09-03 13:39,1,빽다방교보서현점,커피전문점,132593857,7510500248,,0,N,52847221,20200903,nonghyupcard,NULL,2,식비,카페/간식,N,NULL
3,1380951,24591,35762,5400,,2020-09-04 13:39,1,공차을지로2가점,커피전문점,9959158188,5808101649,,0,N,29064209,20200904,lottecard,NULL,2,식비,카페/간식,N,NULL
3,1584058,32197,39409,5400,,2020-09-05 13:39,1,할리스커피신촌연세로점,커피전문점,114659295,2118761044,20200220,0,N,15150026,20200905,shinhancard,NULL,2,식비,카페/간식,N,NULL
3,1860390,39831,44309,9150,,2020-09-06 13:39,1,뚜레쥬르이화여,제과점,114891187,7890701265,20200314,0,N,15108475,20200906,shinhancard,NULL,2,식비,카페/간식,Y,NULL
3,1314353,24669,34571,9900,,2020-09-07 13:39,1,"StarbucksCoffeeKoreaCo.,Ltd.",커피전문점,9786084798,2018121515,,0,N,60551102,20200907,lottecard,NULL,2,식비,카페/간식,N,NULL
3,1517605,30104,38151,13300,,2020-09-08 13:39,1,아우어베이커리싸이더스점,제과점,860275418,8138700616,,0,N,218080,20200908,hyundaicard,NULL,2,식비,카페/간식,N,NULL
3,1316571,21757,31299,23980,,2020-09-09 13:39,1,롯데마트강변점,할인점,9875303927,2078512026,,0,N,50950289,20200909,lottecard,NULL,15,쇼핑,편의점/마트,N,NULL
3,1316586,2168,5770,40000,,2020-09-10 13:39,1,씨유화성동오사거리점,편의점,706427732,1464000355,20200315,,N,40144489,20200910,bccard,NULL,15,쇼핑,편의점/마트,N,NULL
3,1621608,33523,40226,2850,,2020-09-11 13:39,1,홈플러스익스프레스명륜2점,할인점/슈퍼마켓,67449488,2208160348,20200310,0,N,16484382,20200911,shinhancard,NULL,15,쇼핑,편의점/마트,N,NULL
3,1810805,39103,43556,4500,,2020-09-12 13:39,1,세븐일레븐신내제일점,편의점,9981040769,1040152919,,0,N,24564321,20200912,lottecard,NULL,15,쇼핑,편의점/마트,N,NULL
3,1407426,26858,36221,1000,,2020-09-13 13:39,1,씨유종로묘동점,편의점,87745527,1120584803,,0,N,16462669,20200913,shinhancard,NULL,15,쇼핑,편의점/마트,N,NULL
3,1581937,32201,39358,1500,,2020-09-14 13:39,1,씨유도봉한신점,편의점,,8820100374,20200225,0,N,40121094,20200914,wooricard,NULL,15,쇼핑,편의점/마트,N,NULL
3,1788350,26036,43185,2300,,2020-09-15 13:39,1,(주)영우성대도서,연쇄점,14986152,1018512053,,0,N,16409316,20200915,shinhancard,NULL,15,쇼핑,편의점/마트,N,NULL
3,1314192,24552,34416,2300,,2020-09-16 13:39,1,미니스톱성남성모병원점,편의점,85029165,5414800196,20200301,0,N,30013678,20200916,kbcard,NULL,15,쇼핑,편의점/마트,N,NULL
3,1945273,40447,45437,6320,,2020-09-17 13:39,1,GS25안산주은점,편의점,789106577,1310807899,20200301,,N,40062812,20200917,bccard,NULL,15,쇼핑,편의점/마트,N,NULL
3,1407427,26858,36221,3000,,2020-09-18 13:39,1,씨유종로묘동점,편의점,87745527,1120584803,,0,N,16350808,20200918,shinhancard,NULL,15,쇼핑,편의점/마트,N,NULL
3,1383535,26087,35808,1600,,2020-09-19 13:39,1,세븐일레븐(용암3호점),편의점,110332681,1108509789,,0,N,53629910,20200919,nonghyupcard,NULL,15,쇼핑,편의점/마트,N,NULL
3,1336140,20048,29800,25200,,2020-09-20 13:39,1,터미널편의점,슈퍼마켓,510377596,5735800080,,0,N,462562,20200920,hyundaicard,NULL,15,쇼핑,편의점/마트,N,NULL
3,1459395,28392,37124,33200,,2020-09-21 13:39,1,롯데쇼핑(주)롯데마트천천점,할인점/슈퍼마켓,31481336,1358528034,,0,N,16279025,20200921,shinhancard,NULL,15,쇼핑,편의점/마트,N,NULL
3,1382991,26026,35793,9400,,2020-09-22 13:39,1,GS25구로오류점,편의점,880347133,1683800537,,0,N,581931,20200922,hyundaicard,NULL,15,쇼핑,편의점/마트,N,NULL
3,1491175,29355,37695,1850,,2020-09-23 13:39,1,홈플러스익스프레스경주안강점,할인점/슈퍼마켓,59752279,2208160348,,0,N,16252510,20200923,shinhancard,NULL,15,쇼핑,편의점/마트,N,NULL
3,1897656,22784,32435,5600,,2020-09-24 13:39,1,GS25공항로캐,편의점,,1311195807,20200225,0,N,39927089,20200924,wooricard,NULL,15,쇼핑,편의점/마트,N,NULL
3,1698448,36094,41572,6460,,2020-09-25 13:39,1,농축산마트,슈퍼마켓,611445008,5050662084,,0,N,289910,20200925,hyundaicard,NULL,15,쇼핑,편의점/마트,N,NULL
3,1795290,37379,43308,1600,,2020-09-26 13:39,1,이마트24경주문무왕릉점,편의점,115199283,3254800522,20200225,0,N,16197277,20200926,shinhancard,NULL,15,쇼핑,편의점/마트,N,NULL
3,1795291,37379,43308,1600,,2020-09-27 13:39,1,이마트24경주문무왕릉점,편의점,115199283,3254800522,20200225,0,N,16196338,20200927,shinhancard,NULL,15,쇼핑,편의점/마트,N,NULL
3,1795292,37379,43308,1500,,2020-09-28 13:39,1,이마트24경주문무왕릉점,편의점,115199283,3254800522,20200225,0,N,16200272,20200928,shinhancard,NULL,15,쇼핑,편의점/마트,N,NULL
3,1795293,37379,43308,1500,,2020-09-29 13:39,1,이마트24경주문무왕릉점,편의점,115199283,3254800522,20200225,0,N,16188892,20200929,shinhancard,NULL,15,쇼핑,편의점/마트,N,NULL
3,1469933,28719,37294,17000,,2020-09-30 13:39,1,(주)삼주국민마트,슈퍼마켓.마트,945910131,1278610258,,0,N,41019425,20200930,hanacard,NULL,15,쇼핑,편의점/마트,Y,NULL
3,1502710,29519,37896,17000,,2020-09-01 16:43,1,(주)삼주국민마트,슈퍼마켓.마트,945910131,1278610258,,0,N,41019425,20200901,hanacard,NULL,15,쇼핑,편의점/마트,N,NULL
3,1459093,18702,32452,1080,,2020-09-02 16:43,1,(주)이마트안동점,할인점/슈퍼마켓,35174242,2068650913,20200301,0,N,17114318,20200902,shinhancard,NULL,15,쇼핑,편의점/마트,N,NULL
3,1347361,25241,35178,2000,,2020-09-03 16:43,1,GS25옥동희망점,편의점,,50803*****,,0,N,40482092,20200903,citicard,NULL,15,쇼핑,편의점/마트,N,NULL
3,1719163,36508,41937,27210,,2020-09-04 16:43,1,(주)새농분당정자지점,슈퍼마켓.마트,986595189,8108500705,,0,N,23302630,20200904,hanacard,NULL,15,쇼핑,편의점/마트,N,NULL
3,1716015,36286,41902,13600,,2020-09-05 16:43,1,홈플러스익스프레스인천학익점,슈퍼마켓,9106545106,1212156669,,0,N,36328084,20200905,lottecard,NULL,15,쇼핑,편의점/마트,N,NULL
3,1976759,4500,31775,3200,,2020-09-06 16:43,1,GS25인천구월로점,편의점,988240255,7376400161,,0,N,27035700,20200906,hanacard,NULL,15,쇼핑,편의점/마트,N,NULL
3,1624372,33587,40266,45740,,2020-09-07 16:43,1,(주)수협유통,농협(마트),63244891,3128115986,20200225,0,N,17012634,20200907,shinhancard,NULL,15,쇼핑,편의점/마트,N,NULL
3,1400538,26700,36103,3990,,2020-09-08 16:43,1,하모니마트,슈퍼마켓,134032506,3245600072,,0,N,54157480,20200908,nonghyupcard,NULL,15,쇼핑,편의점/마트,N,NULL
3,1523273,29238,38089,2000,,2020-09-09 16:43,1,미니스톱양재에이스점,편의점,135088869,6781900300,,0,N,54156280,20200909,nonghyupcard,NULL,15,쇼핑,편의점/마트,N,NULL
3,1383533,26087,35808,1000,,2020-09-10 16:43,1,금성마트,슈퍼마켓,121096478,1011197731,,0,N,54144287,20200910,nonghyupcard,NULL,15,쇼핑,편의점/마트,N,NULL
3,1442711,6816,35409,52780,,2020-09-11 16:43,1,하모니유통,슈퍼마켓,776511467,2042353258,20200301,,N,74238580,20200911,bccard,NULL,15,쇼핑,편의점/마트,N,NULL
3,1314224,14185,32819,4870,,2020-09-12 16:43,1,이마트24용산선인상가점,편의점,701725347,5564200177,20200312,,N,74196663,20200912,bccard,NULL,15,쇼핑,편의점/마트,N,NULL
3,1378011,25989,35730,4500,,2020-09-13 16:43,1,GS25여의한화점,편의점,870445868,1843200745,,0,N,262141,20200913,hyundaicard,NULL,15,쇼핑,편의점/마트,N,NULL
3,1789443,24963,43205,43080,,2020-09-14 16:43,1,(주)이마트성수점,대형마트/할인점,23660480,2068650913,20200224,0,N,15125538,20200914,samsungcard,NULL,15,쇼핑,편의점/마트,Y,NULL
3,1884410,40018,44668,23490,,2020-09-15 16:43,1,홈플러스(주)영통점,대형마트/할인점,22975151,2208160348,20200225,0,N,31065050,20200915,samsungcard,NULL,15,쇼핑,편의점/마트,N,NULL
3,1472675,28792,37328,4000,,2020-09-16 16:43,1,마하림주식회사,종합생활용품,167857862,2338600870,20200321,0,N,65166473,20200916,samsungcard,NULL,15,쇼핑,편의점/마트,N,NULL
3,1789445,24963,43205,4000,,2020-09-17 16:43,1,(주)이마트성수점,대형마트/할인점,23660480,2068650913,20200224,0,N,951698,20200917,samsungcard,NULL,15,쇼핑,편의점/마트,Y,NULL
3,1451728,28169,36941,1500,,2020-09-18 16:43,1,GS25구래본점,편의점,709211504,1441600956,20200314,,N,40288825,20200918,bccard,NULL,15,쇼핑,편의점/마트,N,NULL
3,1452031,28169,36949,1500,,2020-09-19 16:43,1,GS25구래본점,편의점,,1441600956,20200314,0,N,40288825,20200919,wooricard,NULL,15,쇼핑,편의점/마트,N,NULL
3,1806788,38965,43487,1300,,2020-09-20 16:43,1,하나마트(청당점),식품잡화,102156502,6853700277,,0,N,16762212,20200920,shinhancard,NULL,15,쇼핑,편의점/마트,N,NULL
3,1806789,38965,43487,700,,2020-09-21 16:43,1,하나마트(청당점),식품잡화,102156502,6853700277,,0,N,16749173,20200921,shinhancard,NULL,15,쇼핑,편의점/마트,N,NULL
3,1552373,31319,38746,1400,,2020-09-22 16:43,1,GS25아이파크몰점,편의점,140400797,1061066366,,0,N,243278,20200922,hyundaicard,NULL,15,쇼핑,편의점/마트,N,NULL
3,1464441,25419,37209,1200,,2020-09-23 16:43,1,GS25창원무역로점,편의점,705428701,2072301370,20200310,,N,40280660,20200923,bccard,NULL,15,쇼핑,편의점/마트,N,NULL
3,1651977,34257,40779,4500,,2020-09-24 16:43,1,씨유옥계센트럴파크점,편의점,705484692,4782200466,20200227,,N,40268036,20200924,bccard,NULL,15,쇼핑,편의점/마트,N,NULL
3,1779401,38066,42955,38620,,2020-09-25 16:43,1,속초양양축산업협동조합하나로마트,하나로마트,103026592,2278202138,,0,N,53927177,20200925,nonghyupcard,NULL,15,쇼핑,편의점/마트,N,NULL
3,1663008,34693,40955,5500,,2020-09-26 16:43,1,CU충청대학로점,편의점,130669007,3170401564,,0,N,53919568,20200926,nonghyupcard,NULL,15,쇼핑,편의점/마트,N,NULL
3,1772771,37845,42863,1500,,2020-09-27 16:43,1,세븐일레븐판교다산점,편의점,701663658,1968500462,20200225,,N,73982507,20200927,bccard,NULL,15,쇼핑,편의점/마트,N,NULL
3,1586433,32317,39475,2250,,2020-09-28 16:43,1,씨유서울대의대점,편의점,81302154,1018211091,20200302,0,N,30008826,20200928,kbcard,NULL,15,쇼핑,편의점/마트,N,NULL
3,1323163,20350,29309,3500,,2020-09-29 16:43,1,GS25만수향촌,편의점,,8377700030,20200310,0,N,40226204,20200929,wooricard,NULL,15,쇼핑,편의점/마트,Y,NULL
3,1663420,34705,40957,4500,,2020-09-30 16:43,1,지에스(GS)25다산에일린,편의점,174877883,4581800790,20200226,0,N,75089589,20200930,samsungcard,NULL,15,쇼핑,편의점/마트,N,NULL
3,1459394,28392,37124,6400,,2020-09-01 9:32,1,더달달호매실점,식품잡화,108852211,6802300692,,0,N,16616017,20200901,shinhancard,NULL,15,쇼핑,편의점/마트,N,NULL
3,1411465,26878,36191,3830,,2020-09-02 9:32,1,국군복지단,구내매점-1,,1068307115,20200305,0,N,73881355,20200902,wooricard,NULL,15,쇼핑,편의점/마트,N,NULL
3,1717201,36422,41919,33190,,2020-09-03 9:32,1,(주)이마트트레이더스안산점,대형할인점,963081708,2068650913,,0,N,42731161,20200903,hanacard,NULL,15,쇼핑,편의점/마트,Y,NULL
3,1319833,62,32585,5000,,2020-09-04 9:32,1,씨유석촌백제점,편의점,90657711,2801100960,20200225,0,N,30105073,20200904,kbcard,NULL,15,쇼핑,편의점/마트,N,NULL
3,1334349,23333,33140,16500,,2020-09-05 9:32,1,홈플러스월드컵점,대형할인점,925336349,2208160348,,0,N,28080554,20200905,hanacard,NULL,15,쇼핑,편의점/마트,N,NULL
3,1429731,25175,36550,2850,,2020-09-06 9:32,1,지에스25원주H타워점,편의점,95202126,1238171302,20200314,0,N,30037112,20200906,kbcard,NULL,15,쇼핑,편의점/마트,Y,NULL
3,1556492,31479,38813,27300,,2020-09-07 9:32,1,태안농협로컬푸,농협(마트),104982285,3988200179,,0,N,17176846,20200907,shinhancard,NULL,15,쇼핑,편의점/마트,N,NULL
3,1650729,34115,40747,3980,,2020-09-08 9:32,1,더제이마트주식회사,슈퍼마켓,86040290,3068800191,20200314,0,N,30076994,20200908,kbcard,NULL,15,쇼핑,편의점/마트,N,NULL
3,1762663,37470,42660,3500,,2020-09-09 9:32,1,GS수퍼포항메트로점,대형할인점,710313617,6042013979,20200225,,N,40487319,20200909,bccard,NULL,15,쇼핑,편의점/마트,Y,NULL
3,1490081,29057,37684,4200,,2020-09-10 9:32,1,이비카드택시법인,택시,50473271,1298638970,,0,N,17531493,20200910,shinhancard,NULL,10,교통,대중교통,Y,NULL
3,1323573,24522,34722,2500,,2020-09-11 9:32,1,모바일티머니_버스,시내버스,993730910,1048183559,,0,N,58277885,20200911,hanacard,NULL,10,교통,대중교통,N,NULL
3,1323574,24522,34722,3400,,2020-09-12 9:32,1,모바일티머니_지하철,지하철,993730829,1048183559,,0,N,28718204,20200912,hanacard,NULL,10,교통,대중교통,N,NULL
3,1357937,1290,8306,37050,,2020-09-13 9:32,1,모바일티머니_지하철,지하철,993730829,1048183559,,0,N,37156230,20200913,hanacard,NULL,10,교통,대중교통,N,NULL
3,1780842,38138,42984,22450,,2020-09-14 9:32,1,모바일티머니_지하철,지하철,993730829,1048183559,,0,N,28261281,20200914,hanacard,NULL,10,교통,대중교통,N,NULL
3,1643593,34009,40649,11800,,2020-09-15 9:32,1,법인택시,택시,9148694466,1048183559,,0,N,38922293,20200915,lottecard,NULL,10,교통,대중교통,N,NULL
3,1513564,29977,38059,3600,,2020-09-16 9:32,1,개인택시37바3150,택시,21458244,6210720141,20200314,0,N,30002391,20200916,kbcard,NULL,10,교통,대중교통,N,NULL
3,1661584,34608,40932,3800,,2020-09-17 9:32,1,지방택시_개인영세_티머니,택시,47840791,1048183559,20200225,0,N,30063124,20200917,kbcard,NULL,10,교통,대중교통,N,NULL
3,1834119,39606,43909,9900,,2020-09-18 9:32,1,카카오개인택시_0,택시,113178040,1298638970,20200307,0,N,15822647,20200918,shinhancard,NULL,10,교통,대중교통,N,NULL
3,1766673,37695,42743,5600,,2020-09-19 9:32,1,티머니개인택시1,택시,8106000916,1048183559,,0,N,33739043,20200919,hanacard,NULL,10,교통,대중교통,Y,NULL
3,1766707,37695,42743,5600,,2020-09-20 9:32,1,티머니개인택시1,택시,8106000916,1048183559,,0,N,33739043,20200920,hanacard,NULL,10,교통,대중교통,Y,NULL
3,1566001,31738,38961,5100,,2020-09-21 9:32,1,(주)이비카드법인택시,RF교통기관(수수료선취),117590118,1298638970,,0,N,53138467,20200921,nonghyupcard,NULL,10,교통,대중교통,N,NULL
3,1424732,27307,36485,4200,,2020-09-22 9:32,1,카카오페이_택시,택시,840429932,1048183559,,0,N,959018,20200922,hyundaicard,NULL,10,교통,대중교통,Y,NULL
3,1426612,27352,36513,40000,,2020-09-23 9:32,1,태평셀프주유소,주유소,164182333,5104900210,20200313,0,N,53886894,20200923,samsungcard,NULL,11,교통,주유,N,NULL
3,1375981,21675,35713,50000,,2020-09-24 9:32,1,GS주유소,주유소,953624392,5108507152,,0,N,29583765,20200924,hanacard,NULL,11,교통,주유,N,NULL
3,1483850,29152,37581,30000,,2020-09-25 9:32,1,씨앤에스유통(주)구도일주유소도안신도시,주유소,167090567,8238500583,20200221,0,N,2676836,20200925,samsungcard,NULL,11,교통,주유,N,NULL
3,1321887,23995,33680,68000,,2020-09-26 9:32,1,SK네트웍스(주)남촌주유소,SK주유소,724644043,1248100718,20200226,,N,78614191,20200926,bccard,NULL,11,교통,주유,Y,NULL
3,1858314,15012,44292,20000,,2020-09-27 9:32,1,KH에너지(주)직영,주유소,80198559,1318554073,,0,N,21665899,20200927,shinhancard,NULL,11,교통,주유,N,NULL
3,1872831,20948,30358,49032,,2020-09-28 9:32,1,풀무원식품주식회사/현풍(마산)충전소,SK가스충전소,783273529,3038151649,20200223,,N,76364858,20200928,bccard,NULL,11,교통,주유,N,NULL
3,1637760,33881,40551,150000,,2020-09-29 9:32,1,KT통신요금납부,전화요금,103206854,1028142945,,0,N,67372100,20200929,nonghyupcard,NULL,9,통신,통신,N,NULL
3,1544162,31055,38602,25300,,2020-09-30 9:32,1,LGU+통신요금즉시결제,"통신요금(이동,시내전화)",56203615,2208139938,,0,N,26866604,20200930,shinhancard,NULL,9,통신,통신,N,NULL
3,1423995,26757,36475,9100,,2020-09-01 19:36,1,(주)신세계백화점경기점,백화점,44294288,2018132195,,0,N,19392704,20200901,shinhancard,NULL,16,쇼핑,백화점/아울렛,N,NULL
3,1373066,25893,35685,26000,,2020-09-02 19:36,1,현대백화점대구점,백화점,701789495,5048534746,,0,N,330,20200902,hyundaicard,NULL,16,쇼핑,백화점/아울렛,Y,NULL
3,1675831,35106,41170,9000,,2020-09-03 19:36,1,롯데백화점(주)부산점-위니비니,백화점,6051619,6058509915,20200307,0,N,30019014,20200903,kbcard,NULL,16,쇼핑,백화점/아울렛,N,NULL
3,1350581,18703,35271,302500,,2020-09-04 19:36,2,롯데역사(주)대구점,자사카드발행백화점,739801597,5048518111,20200305,3,N,39647005,20200904,bccard,NULL,16,쇼핑,백화점/아울렛,N,NULL
3,1323168,24752,34716,10000,,2020-09-05 19:36,1,디팍스홀릭(DP,악세사리,,8142000445,20200301,0,N,74543273,20200905,wooricard,NULL,18,쇼핑,기타쇼핑,N,NULL
3,1323169,24752,34716,12000,,2020-09-06 19:36,1,디팍스홀릭(DP,악세사리,,8142000445,20200301,0,N,74512901,20200906,wooricard,NULL,18,쇼핑,기타쇼핑,N,NULL
3,1749838,37154,42438,3000,,2020-09-07 19:36,1,(주)다이소아성산업,연쇄점,9218106540,2138152063,,0,N,66144279,20200907,lottecard,NULL,18,쇼핑,기타쇼핑,N,NULL
3,1570237,31850,39031,21000,,2020-09-08 19:36,1,(주)다이소아성산업,일반잡화판매점,114331029,2138152063,,0,N,53745692,20200908,nonghyupcard,NULL,18,쇼핑,기타쇼핑,N,NULL
3,1622529,32694,40237,9300,,2020-09-09 19:36,1,영재문구,문방구점,6544255,2240697156,20200217,0,N,30004250,20200909,kbcard,NULL,18,쇼핑,기타쇼핑,Y,NULL
3,1915370,40256,45067,4000,,2020-09-10 19:36,1,전주문구센타21,문구용품,,4031407382,20200225,0,N,75097025,20200910,wooricard,NULL,18,쇼핑,기타쇼핑,Y,NULL
3,1915371,40256,45067,12600,,2020-09-11 19:36,1,전주문구센타21,문구용품,,4031407382,20200225,0,N,75078543,20200911,wooricard,NULL,18,쇼핑,기타쇼핑,Y,NULL
3,1664536,34743,40975,10000,,2020-09-12 19:36,1,바른정육점,정육점,83696456,6484100372,20200314,0,N,30057846,20200912,kbcard,NULL,18,쇼핑,기타쇼핑,N,NULL
3,1451722,28169,36941,7800,,2020-09-13 19:36,1,MK미트,정육점,705415612,6953400399,20200314,,N,74828757,20200913,bccard,NULL,18,쇼핑,기타쇼핑,N,NULL
3,1452030,28169,36949,7800,,2020-09-14 19:36,1,MK미트,정육점,,6953400399,20200314,0,N,74828757,20200914,wooricard,NULL,18,쇼핑,기타쇼핑,N,NULL
3,1564846,31716,38946,39000,,2020-09-15 19:36,1,메리고라운드,아동복,173200150,3044000456,20200221,0,N,5148109,20200915,samsungcard,NULL,18,쇼핑,기타쇼핑,Y,NULL
3,1580462,32153,39339,10000,,2020-09-16 19:36,1,(주)신세계아이앤씨,일반상품권,981438260,2018120549,,0,N,28228785,20200916,hanacard,NULL,18,쇼핑,기타쇼핑,Y,NULL
3,1378009,25989,35728,109000,,2020-09-17 19:36,1,제이디스포츠패션코리아,스포츠/레져용품점,860333211,6558700892,,0,N,840603,20200917,hyundaicard,NULL,18,쇼핑,기타쇼핑,N,NULL
3,1807962,1427,43504,26000,,2020-09-18 19:36,1,ZARA,전자상거래PG,91220939,8158100527,20200314,0,N,30046897,20200918,kbcard,NULL,17,쇼핑,온라인쇼핑,N,NULL
3,1438109,27752,36686,99000,,2020-09-19 19:36,1,인터넷상거래,PG(온라인),9873923189,2208139938,,0,N,33009641,20200919,lottecard,NULL,17,쇼핑,온라인쇼핑,N,NULL
3,1442745,27893,36751,8000,,2020-09-20 19:36,1,네이버파이낸셜주식회사,PG_일반인증,168426593,5248601528,20200313,0,N,56408580,20200920,samsungcard,NULL,17,쇼핑,온라인쇼핑,N,NULL
3,1772529,37840,42857,63000,,2020-09-21 19:36,1,모빌PG_대표(일반),전자상거래PG,14162512,2208182546,20200226,0,N,30012591,20200921,kbcard,NULL,17,쇼핑,온라인쇼핑,N,NULL
3,1856437,39772,44283,51420,,2020-09-22 19:36,1,쿠팡(쿠페이),전자상거래PG,89226357,1138521083,,0,N,30044101,20200922,kbcard,NULL,17,쇼핑,온라인쇼핑,N,NULL
3,1503588,29618,37862,30400,,2020-09-23 19:36,1,엔에이치엔한국사이버결제주식회사,PG_일반인증,152130314,1138521083,20200225,0,N,32205817,20200923,samsungcard,NULL,17,쇼핑,온라인쇼핑,N,NULL
3,1891188,40072,44763,16000,,2020-09-24 19:36,1,쇼핑몰(3)_이니시스,PG일반(인증),993842038,2208155597,,0,N,21436382,20200924,hanacard,NULL,17,쇼핑,온라인쇼핑,N,NULL
3,1412757,27038,36296,3000,,2020-09-25 19:36,1,네이버페이,인터넷상거래,990287310,5248601528,,0,N,48005599,20200925,hanacard,NULL,17,쇼핑,온라인쇼핑,Y,NULL
3,1785077,38259,43113,24170,,2020-09-26 19:36,1,위메프,전자상거래PG,72694664,1138521083,,0,N,30001375,20200926,kbcard,NULL,17,쇼핑,온라인쇼핑,N,NULL
3,1801749,38840,43421,90402,,2020-09-27 19:36,1,네이버페이,전자상거래(다품목취급),106868532,5248601528,20200314,0,N,18751568,20200927,shinhancard,NULL,17,쇼핑,온라인쇼핑,N,NULL
3,1391336,26408,35946,9260,,2020-09-28 19:36,1,쿠팡_KICC,PG일반(인증),978735447,1168119948,,0,N,23670204,20200928,hanacard,NULL,17,쇼핑,온라인쇼핑,N,NULL
3,1819396,39462,43659,99900,,2020-09-29 19:36,2,네이버페이,인터넷Mall1,,5248601528,20200314,12,N,41324683,20200929,wooricard,NULL,17,쇼핑,온라인쇼핑,N,NULL
3,1872126,39915,44485,22500,,2020-09-30 19:36,1,지마켓,간편결제(온라인),9955213928,2208139938,,0,N,34312151,20200930,lottecard,NULL,17,쇼핑,온라인쇼핑,N,NULL
3,1493594,29455,37731,7660,,2020-09-01 21:32,1,(주)알라딘커뮤니케이션,결제대행(PG),31996218,1138521083,,0,N,18653372,20200901,shinhancard,NULL,17,쇼핑,온라인쇼핑,N,NULL
3,1412246,27047,36289,21710,,2020-09-02 21:32,1,네이버페이,전자상거래오픈마켓,87268617,5248601528,20200315,0,N,30004069,20200902,kbcard,NULL,17,쇼핑,온라인쇼핑,N,NULL
3,1343748,25185,35112,37500,,2020-09-03 21:32,1,옥션,전자상거래PG,93117510,2208139938,20200223,0,N,30012279,20200903,kbcard,NULL,17,쇼핑,온라인쇼핑,Y,NULL
3,1436478,27678,36669,2900,,2020-09-04 21:32,1,쿠팡_로켓와우월회비,PG쇼핑몰,840395988,1168119948,,0,N,371827,20200904,hyundaicard,NULL,17,쇼핑,온라인쇼핑,Y,NULL
3,1369242,25827,35629,16500,,2020-09-05 21:32,1,(주)케이지이니시스,PG_일반인증,152339398,2208155597,20200313,0,N,10559108,20200905,samsungcard,NULL,17,쇼핑,온라인쇼핑,N,NULL
3,1669394,34881,41050,7040,,2020-09-06 21:32,1,11번가-SKpay,인터넷상거래,975914748,8158101244,,0,N,26194405,20200906,hanacard,NULL,17,쇼핑,온라인쇼핑,N,NULL
3,1472191,28789,37326,43180,,2020-09-07 21:32,1,CJ올리브영_온라인몰,전자상거래,78210294,1048136565,20200301,0,N,30018517,20200907,kbcard,NULL,17,쇼핑,온라인쇼핑,N,NULL
3,1911378,40226,45012,21750,,2020-09-08 21:32,1,네이버파이낸셜(주),전자상거래(다품목취급),101466258,5248601528,20200314,0,N,18228070,20200908,shinhancard,NULL,17,쇼핑,온라인쇼핑,N,NULL
3,1369243,25827,35629,16500,,2020-09-09 21:32,1,주식회사다날,PG_일반인증,154558728,1138144055,20200313,0,N,95005191,20200909,samsungcard,NULL,17,쇼핑,온라인쇼핑,N,NULL
3,1328769,22960,32732,20000,,2020-09-10 21:32,1,네이버페이,온라인쇼핑몰,134679339,5248601528,,0,N,195737,20200910,hyundaicard,NULL,17,쇼핑,온라인쇼핑,N,NULL
3,1447262,17310,36859,19720,,2020-09-11 21:32,1,G마켓,전자상거래(다품목취급),14168736,2208183676,,0,N,18040180,20200911,shinhancard,NULL,17,쇼핑,온라인쇼핑,N,NULL
3,1334845,4439,19685,64000,,2020-09-12 21:32,1,NICE(빌링),PG쇼핑몰,120617547,8158100527,,0,N,581477,20200912,hyundaicard,NULL,17,쇼핑,온라인쇼핑,N,NULL
3,1329428,5804,12325,6900,,2020-09-13 21:32,1,한국정보통신(주),PG_일반인증,156928018,1168119948,20200314,0,N,50377031,20200913,samsungcard,NULL,17,쇼핑,온라인쇼핑,N,NULL
3,1330373,16982,25025,89980,,2020-09-14 21:32,1,와디즈(포인트리),전자상거래PG,94986778,8158100527,20200225,0,N,30011034,20200914,kbcard,NULL,17,쇼핑,온라인쇼핑,N,NULL
3,1966499,40573,45646,173890,,2020-09-15 21:32,2,이니시스(위메프),전자상거래PG,60118294,2208155597,20200224,6,N,30006453,20200915,kbcard,NULL,17,쇼핑,온라인쇼핑,N,NULL
3,1614474,33271,40106,8200,,2020-09-16 21:32,1,(주)카카오페이,PG_일반인증,166503581,5278800686,20200313,0,N,90992892,20200916,samsungcard,NULL,17,쇼핑,온라인쇼핑,Y,NULL
3,1636552,33853,40528,9900,,2020-09-17 21:32,1,홈플러스온라인,인터넷상거래,941736530,2208160348,,0,N,23020356,20200917,hanacard,NULL,17,쇼핑,온라인쇼핑,N,NULL
3,1323162,20350,29310,19232,,2020-09-18 21:32,1,네이버파이낸셜(주),인터넷Mall1,,5248601528,20200310,0,N,41752630,20200918,wooricard,NULL,17,쇼핑,온라인쇼핑,Y,NULL
3,1472973,28789,37329,71600,,2020-09-19 21:32,2,(주)케이지이니시스,PG_일반인증,65477217,2208155597,20200321,4,N,87822764,20200919,samsungcard,NULL,17,쇼핑,온라인쇼핑,N,NULL
3,1361308,25669,35459,68500,,2020-09-20 21:32,1,신세계페이먼츠,PG쇼핑몰,100474748,1048650432,,0,N,985293,20200920,hyundaicard,NULL,17,쇼핑,온라인쇼핑,N,NULL
3,1472893,28789,37330,48600,,2020-09-21 21:32,1,무신사,PG쇼핑몰,840597662,2208139938,,0,N,147382,20200921,hyundaicard,NULL,17,쇼핑,온라인쇼핑,N,NULL
3,1637578,33881,40547,6730,,2020-09-22 21:32,1,CJmall,전자상거래(다품목취급),110840485,1068151510,,0,N,19137337,20200922,shinhancard,NULL,17,쇼핑,온라인쇼핑,N,NULL
3,1415514,26550,36342,1000,,2020-09-23 21:32,1,네이버파이낸셜(주),인터넷종합Mall,702924390,5248601528,20200224,0,N,41516385,20200923,kjcard,NULL,17,쇼핑,온라인쇼핑,N,NULL
3,1636555,33853,40528,54960,,2020-09-24 21:32,1,홈플러스온라인,인터넷상거래,941736530,2208160348,,0,N,27080251,20200924,hanacard,NULL,17,쇼핑,온라인쇼핑,N,NULL
3,1344278,4883,35121,219000,,2020-09-25 21:32,1,십일번가주식회사,간편결제(온라인),9960738820,8158101244,,0,N,58505007,20200925,lottecard,NULL,17,쇼핑,온라인쇼핑,N,NULL
3,1394189,26502,36005,4350,,2020-09-26 21:32,1,리디,결제대행(PG),109426668,2208139938,,0,N,20723728,20200926,shinhancard,NULL,17,쇼핑,온라인쇼핑,Y,NULL
3,1956320,40556,45542,27000,,2020-09-27 21:32,1,N_올앳PG_대,결제대행(PG),112119508,2208179148,,0,N,20724949,20200927,shinhancard,NULL,17,쇼핑,온라인쇼핑,N,NULL
3,1383536,26087,35808,9800,,2020-09-28 21:32,1,서울특별시은평병원,종합병원,113724266,1118300318,,0,N,53564239,20200928,nonghyupcard,NULL,24,건강/의료,병원/의약품,N,NULL
3,1447800,17310,36873,18900,,2020-09-29 21:32,1,삼성밝은안과의원,의원,738685337,2159138580,20200315,,N,73533264,20200929,bccard,NULL,24,건강/의료,병원/의약품,N,NULL
3,1531646,30647,38387,11900,,2020-09-30 21:32,1,우리약국,약국,65607062,6020877368,20200225,0,N,30045582,20200930,kbcard,NULL,24,건강/의료,병원/의약품,Y,NULL
3,1321109,22787,32477,15200,,2020-09-01 23:47,1,카톨릭대의과대학,종합병원,303311333,3058200236,,0,N,955399,20200901,hyundaicard,NULL,24,건강/의료,병원/의약품,N,NULL
3,1531647,30647,38387,2200,,2020-09-02 23:47,1,부산대학교병원,종합병원,7656781,6038204892,20200225,0,N,30045574,20200902,kbcard,NULL,24,건강/의료,병원/의약품,Y,NULL
3,1956465,40556,45545,17100,,2020-09-03 23:47,1,이화약국,약국,91961931,4622100988,,0,N,30018798,20200903,kbcard,NULL,24,건강/의료,병원/의약품,N,NULL
3,1432486,26365,36581,16900,,2020-09-04 23:47,1,오렌지약국,약국,30976281,3122088080,,0,N,30030461,20200904,kbcard,NULL,24,건강/의료,병원/의약품,N,NULL
3,1944693,40477,45433,86200,,2020-09-05 23:47,1,대한항공,항공사,911151,1108114794,20200220,0,N,30039109,20200905,kbcard,NULL,19,문화/여가,여행/문화,N,NULL
3,1505500,29774,37951,200000,,2020-09-06 23:47,1,골프스튜디오,실내외골프연습장,159833446,7630400400,20200310,0,N,24178630,20200906,samsungcard,NULL,23,건강/의료,운동/건강,N,NULL
3,1408161,26858,36226,89500,,2020-09-07 23:47,1,(주)이랜드파크켄싱턴리조트설,레저용숙박업소,903736056,2278501649,,0,N,21892732,20200907,hanacard,NULL,19,문화/여가,여행/문화,N,NULL
3,1725924,36623,42048,110000,,2020-09-08 23:47,1,꿈꾸는다빈치미술학원,예체능계열학원,988652780,4379900467,,0,N,23973293,20200908,hanacard,NULL,26,교육/육아,교육,N,NULL
3,1619876,33452,40196,34500,,2020-09-09 23:47,1,박승철헤어스투디오동판교에이치스퀘어점,미용실,461323451,1440237077,,0,N,888124,20200909,hyundaicard,NULL,25,미용,미용,N,NULL
3,1756708,164,21275,9000,,2020-09-10 23:47,1,메가박스중앙(주)센트럴시티지점,영화.공연장,992689083,1418520298,,0,N,21689445,20200910,hanacard,NULL,20,문화/여가,영화/공연,N,NULL
3,1469744,832,12541,7900,,2020-09-11 23:47,1,올리브영안산점,생활잡화,108000266,5728800895,,0,N,34420332,20200911,shinhancard,NULL,25,미용,미용,N,NULL
3,1426235,25875,36508,12000,,2020-09-12 23:47,1,CGV_카카오페이,2250,,5278800686,20200307,0,N,34612525,20200912,wooricard,NULL,20,문화/여가,영화/공연,Y,NULL
3,1707685,36325,41762,51800,,2020-09-13 23:47,1,예스이십사주식회사수영점,서적(출판),987484367,7148500799,,0,N,3698661,20200913,hanacard,NULL,21,문화/여가,도서,N,NULL
3,1462230,28436,37157,75000,,2020-09-14 23:47,2,창의서점,서적,160786430,1198535381,20200326,3,N,62189972,20200914,samsungcard,NULL,21,문화/여가,도서,N,NULL
3,1462232,28436,37157,75000,,2020-09-15 23:47,2,창의서점,서적,160786430,1198535381,20200326,3,N,316325,20200915,samsungcard,NULL,21,문화/여가,도서,N,NULL
3,1749270,36852,42431,21000,,2020-09-16 23:47,1,놀숲강남역점,기타레져업,,1360379049,20200301,0,N,75724381,20200916,wooricard,NULL,22,문화/여가,취미/여가,N,NULL
3,1874276,39938,44506,9000,,2020-09-17 23:47,1,알라딘중고서점(,일반서적,,2018123094,20200310,0,N,74116724,20200917,wooricard,NULL,21,문화/여가,도서,N,NULL
3,1686304,33764,41361,34700,,2020-09-18 23:47,1,야옹아멍멍해봐직산점,"애완동물,용품(",984749887,6930100717,,0,N,26108489,20200918,hanacard,NULL,31,기타,기타,N,NULL
3,1371593,13993,30235,3900,,2020-09-19 23:47,1,롯데글로벌로지스,화물운송,,1028123012,미접수,0,N,41444642,20200919,wooricard,NULL,31,기타,기타,N,NULL
3,1476535,28906,37441,4200,,2020-09-20 23:47,1,강원대학교,기타(용역)서비스,9977646777,2218301195,,0,N,69554476,20200920,lottecard,NULL,31,기타,기타,N,NULL
